rcept_no,reprt_code,bsns_year,corp_code,sj_div,sj_nm,account_id,account_nm,account_detail,thstrm_nm,thstrm_amount,frmtrm_nm,frmtrm_amount,ord,currency,thstrm_add_amount,frmtrm_q_nm,frmtrm_q_amount,frmtrm_add_amount,ticker,corp_name,fs_div
20250814001783,11012,2025,01372782,BS,재무상태표,ifrs-full_Assets,자산총계,-,제 16 기 반기말,61921553278,제 15 기말,67088112253,7,KRW,,,,,356680,엑스게이트,OFS
20250814001783,11012,2025,01372782,BS,재무상태표,ifrs-full_CurrentAssets,유동자산,-,제 16 기 반기말,35996166501,제 15 기말,43879611631,8,KRW,,,,,356680,엑스게이트,OFS
20250814001783,11012,2025,01372782,BS,재무상태표,ifrs-full_CashAndCashEquivalents,현금및현금성자산,-,제 16 기 반기말,18732820124,제 15 기말,21896078687,9,KRW,,,,,356680,엑스게이트,OFS
20250814001783,11012,2025,01372782,BS,재무상태표,ifrs-full_CurrentTaxAssets,당기법인세자산,-,제 16 기 반기말,36174030,제 15 기말,,10,KRW,,,,,356680,엑스게이트,OFS
20250814001783,11012,2025,01372782,BS,재무상태표,ifrs-full_Inventories,재고자산,-,제 16 기 반기말,8505042109,제 15 기말,5121550648,11,KRW,,,,,356680,엑스게이트,OFS
20250814001783,11012,2025,01372782,BS,재무상태표,ifrs-full_OtherCurrentAssets,기타유동자산,-,제 16 기 반기말,991061955,제 15 기말,807292820,12,KRW,,,,,356680,엑스게이트,OFS
20250814001783,11012,2025,01372782,BS,재무상태표,ifrs-full_TradeAndOtherCurrentReceivables,매출채권 및 기타유동채권,-,제 16 기 반기말,7731068283,제 15 기말,16054689476,13,KRW,,,,,356680,엑스게이트,OFS
20250814001783,11012,2025,01372782,BS,재무상태표,ifrs-full_NoncurrentAssets,비유동자산,-,제 16 기 반기말,25925386777,제 15 기말,23208500622,14,KRW,,,,,356680,엑스게이트,OFS
20250814001783,11012,2025,01372782,BS,재무상태표,dart_LongTermTradeAndOtherNonCurrentReceivablesGross,기타비유동채권,-,제 16 기 반기말,2328645534,제 15 기말,983168489,15,KRW,,,,,356680,엑스게이트,OFS
20250814001783,11012,2025,01372782,BS,재무상태표,ifrs-full_DeferredTaxAssets,이연법인세자산,-,제 16 기 반기말,2585382979,제 15 기말,2221932424,16,KRW,,,,,356680,엑스게이트,OFS
20250814001783,11012,2025,01372782,BS,재무상태표,ifrs-full_IntangibleAssetsOtherThanGoodwill,무형자산,-,제 16 기 반기말,676750671,제 15 기말,485756682,17,KRW,,,,,356680,엑스게이트,OFS
20250814001783,11012,2025,01372782,BS,재무상태표,ifrs-full_OtherNoncurrentAssets,기타비유동자산,-,제 16 기 반기말,153746645,제 15 기말,169715370,18,KRW,,,,,356680,엑스게이트,OFS
20250814001783,11012,2025,01372782,BS,재무상태표,ifrs-full_PropertyPlantAndEquipment,유형자산,-,제 16 기 반기말,20180860948,제 15 기말,19347927657,19,KRW,,,,,356680,엑스게이트,OFS
20250814001783,11012,2025,01372782,BS,재무상태표,dart_CapitalSurplus,자본잉여금,-,제 16 기 반기말,21532863769,제 15 기말,21532863769,21,KRW,,,,,356680,엑스게이트,OFS
20250814001783,11012,2025,01372782,BS,재무상태표,dart_ElementsOfOtherStockholdersEquity,기타자본,-,제 16 기 반기말,865452171,제 15 기말,865452171,22,KRW,,,,,356680,엑스게이트,OFS
20250814001783,11012,2025,01372782,BS,재무상태표,ifrs-full_Equity,자본총계,-,제 16 기 반기말,43495250798,제 15 기말,44405475994,23,KRW,,,,,356680,엑스게이트,OFS
20250814001783,11012,2025,01372782,BS,재무상태표,ifrs-full_IssuedCapital,자본금,-,제 16 기 반기말,2854349200,제 15 기말,2854349200,24,KRW,,,,,356680,엑스게이트,OFS
20250814001783,11012,2025,01372782,BS,재무상태표,ifrs-full_RetainedEarnings,이익잉여금,-,제 16 기 반기말,18242585658,제 15 기말,19152810854,25,KRW,,,,,356680,엑스게이트,OFS
20250814001783,11012,2025,01372782,BS,재무상태표,ifrs-full_EquityAndLiabilities,자본과부채총계,-,제 16 기 반기말,61921553278,제 15 기말,67088112253,26,KRW,,,,,356680,엑스게이트,OFS
20250814001783,11012,2025,01372782,BS,재무상태표,ifrs-full_CurrentLiabilities,유동부채,-,제 16 기 반기말,16522278972,제 15 기말,20539213709,28,KRW,,,,,356680,엑스게이트,OFS
20250814001783,11012,2025,01372782,BS,재무상태표,ifrs-full_CurrentPortionOfLongtermBorrowings,유동성장기차입금,-,제 16 기 반기말,171360000,제 15 기말,171360000,29,KRW,,,,,356680,엑스게이트,OFS
20250814001783,11012,2025,01372782,BS,재무상태표,ifrs-full_CurrentProvisions,유동충당부채,-,제 16 기 반기말,137292888,제 15 기말,124241247,30,KRW,,,,,356680,엑스게이트,OFS
20250814001783,11012,2025,01372782,BS,재무상태표,ifrs-full_CurrentTaxLiabilities,당기법인세부채,-,제 16 기 반기말,,제 15 기말,107535907,31,KRW,,,,,356680,엑스게이트,OFS
20250814001783,11012,2025,01372782,BS,재무상태표,ifrs-full_OtherCurrentLiabilities,기타유동부채,-,제 16 기 반기말,1253110984,제 15 기말,1515581730,32,KRW,,,,,356680,엑스게이트,OFS
20250814001783,11012,2025,01372782,BS,재무상태표,ifrs-full_ShorttermBorrowings,단기차입금,-,제 16 기 반기말,10000000000,제 15 기말,10000000000,33,KRW,,,,,356680,엑스게이트,OFS
20250814001783,11012,2025,01372782,BS,재무상태표,ifrs-full_TradeAndOtherCurrentPayables,매입채무 및 기타유동채무,-,제 16 기 반기말,4960515100,제 15 기말,8620494825,34,KRW,,,,,356680,엑스게이트,OFS
20250814001783,11012,2025,01372782,BS,재무상태표,ifrs-full_Liabilities,부채총계,-,제 16 기 반기말,18426302480,제 15 기말,22682636259,35,KRW,,,,,356680,엑스게이트,OFS
20250814001783,11012,2025,01372782,BS,재무상태표,ifrs-full_NoncurrentLiabilities,비유동부채,-,제 16 기 반기말,1904023508,제 15 기말,2143422550,36,KRW,,,,,356680,엑스게이트,OFS
20250814001783,11012,2025,01372782,BS,재무상태표,dart_LongTermBorrowingsGross,장기차입금,-,제 16 기 반기말,556920000,제 15 기말,642600000,37,KRW,,,,,356680,엑스게이트,OFS
20250814001783,11012,2025,01372782,BS,재무상태표,dart_LongTermTradeAndOtherNonCurrentPayables,기타비유동채무,-,제 16 기 반기말,12744528,제 15 기말,23800742,38,KRW,,,,,356680,엑스게이트,OFS
20250814001783,11012,2025,01372782,BS,재무상태표,ifrs-full_OtherNoncurrentLiabilities,기타비유동부채,-,제 16 기 반기말,1334358980,제 15 기말,1477021808,39,KRW,,,,,356680,엑스게이트,OFS
20250814001783,11012,2025,01372782,CIS,포괄손익계산서,dart_OperatingIncomeLoss,영업이익(손실),-,제 16 기 반기,-315174634,,,6,KRW,-1244021814,제 15 기 반기,-558325197,-367766461,356680,엑스게이트,OFS
20250814001783,11012,2025,01372782,CIS,포괄손익계산서,dart_OtherGains,기타수익,-,제 16 기 반기,11236872,,,7,KRW,33001867,제 15 기 반기,8593,74431,356680,엑스게이트,OFS
20250814001783,11012,2025,01372782,CIS,포괄손익계산서,dart_OtherLosses,기타비용,-,제 16 기 반기,214932,,,8,KRW,599798,제 15 기 반기,446007,831210,356680,엑스게이트,OFS
20250814001783,11012,2025,01372782,CIS,포괄손익계산서,dart_TotalSellingGeneralAdministrativeExpenses,판매비와관리비,-,제 16 기 반기,6208959146,,,9,KRW,11317218005,제 15 기 반기,5594302622,10089900528,356680,엑스게이트,OFS
20250814001783,11012,2025,01372782,CIS,포괄손익계산서,ifrs-full_ComprehensiveIncome,총포괄손익,-,제 16 기 반기,16314691,,,10,KRW,-910225196,제 15 기 반기,-126088220,63086233,356680,엑스게이트,OFS
20250814001783,11012,2025,01372782,CIS,포괄손익계산서,ifrs-full_CostOfSales,매출원가,-,제 16 기 반기,4789279565,,,11,KRW,7961171827,제 15 기 반기,3574924528,6598477296,356680,엑스게이트,OFS
20250814001783,11012,2025,01372782,CIS,포괄손익계산서,ifrs-full_BasicEarningsLossPerShare,기본주당이익(손실),-,제 16 기 반기,1,,,13,KRW,-32,제 15 기 반기,-4,2,356680,엑스게이트,OFS
20250814001783,11012,2025,01372782,CIS,포괄손익계산서,ifrs-full_DilutedEarningsLossPerShare,희석주당이익(손실),-,제 16 기 반기,1,,,14,KRW,-32,제 15 기 반기,-4,2,356680,엑스게이트,OFS
20250814001783,11012,2025,01372782,CIS,포괄손익계산서,ifrs-full_FinanceCosts,금융비용,-,제 16 기 반기,157773327,,,15,KRW,269183322,제 15 기 반기,458735,495283,356680,엑스게이트,OFS
20250814001783,11012,2025,01372782,CIS,포괄손익계산서,ifrs-full_FinanceIncome,금융수익,-,제 16 기 반기,92455677,,,16,KRW,207127316,제 15 기 반기,172904364,309312944,356680,엑스게이트,OFS
20250814001783,11012,2025,01372782,CIS,포괄손익계산서,ifrs-full_GrossProfit,매출총이익,-,제 16 기 반기,5893784512,,,17,KRW,10073196191,제 15 기 반기,5035977425,9722134067,356680,엑스게이트,OFS
20250814001783,11012,2025,01372782,CIS,포괄손익계산서,ifrs-full_IncomeTaxExpenseContinuingOperations,법인세비용(수익),-,제 16 기 반기,-385785035,,,18,KRW,-363450555,제 15 기 반기,-260228762,-122791812,356680,엑스게이트,OFS
20250814001783,11012,2025,01372782,CIS,포괄손익계산서,ifrs-full_ProfitLoss,당기순이익(손실),-,제 16 기 반기,16314691,,,19,KRW,-910225196,제 15 기 반기,-126088220,63086233,356680,엑스게이트,OFS
20250814001783,11012,2025,01372782,CIS,포괄손익계산서,ifrs-full_ProfitLossBeforeTax,법인세비용차감전순이익(손실),-,제 16 기 반기,-369470344,,,20,KRW,-1273675751,제 15 기 반기,-386316982,-59705579,356680,엑스게이트,OFS
20250814001783,11012,2025,01372782,CIS,포괄손익계산서,ifrs-full_Revenue,매출액,-,제 16 기 반기,10683064077,,,21,KRW,18034368018,제 15 기 반기,8610901953,16320611363,356680,엑스게이트,OFS
20250814001783,11012,2025,01372782,CF,현금흐름표,dart_CashAndCashEquivalentsAtBeginningOfPeriodCf,기초현금및현금성자산,-,제 16 기 반기,21896078687,,,2,KRW,,제 15 기 반기,18120012437,,356680,엑스게이트,OFS
20250814001783,11012,2025,01372782,CF,현금흐름표,dart_CashAndCashEquivalentsAtEndOfPeriodCf,기말현금및현금성자산,-,제 16 기 반기,18732820124,,,3,KRW,,제 15 기 반기,21681455758,,356680,엑스게이트,OFS
20250814001783,11012,2025,01372782,CF,현금흐름표,ifrs-full_CashFlowsFromUsedInFinancingActivities,재무활동현금흐름,-,제 16 기 반기,-131054203,,,8,KRW,,제 15 기 반기,-175514200,,356680,엑스게이트,OFS
20250814001783,11012,2025,01372782,CF,현금흐름표,dart_DecreaseInGuaranteeDepositsAsFinancialActivities,임대보증금의 지급,-,제 16 기 반기,21000000,,,9,KRW,,제 15 기 반기,,,356680,엑스게이트,OFS
20250814001783,11012,2025,01372782,CF,현금흐름표,dart_IncreaseInGuaranteeDepositsAsFinancialActivities,영업보증금의 수령,-,제 16 기 반기,,,,10,KRW,,제 15 기 반기,21000000,,356680,엑스게이트,OFS
20250814001783,11012,2025,01372782,CF,현금흐름표,dart_PaymentForStockIssueCost,신주발행비 지급,-,제 16 기 반기,,,,11,KRW,,제 15 기 반기,503000,,356680,엑스게이트,OFS
20250814001783,11012,2025,01372782,CF,현금흐름표,dart_PaymentsOfFinanceLeaseLiabilitiesClassifiedAsFinancingActivities,리스부채의 상환,-,제 16 기 반기,24374203,,,12,KRW,,제 15 기 반기,132331200,,356680,엑스게이트,OFS
20250814001783,11012,2025,01372782,CF,현금흐름표,dart_ProceedsFromExerciseOfShareOptions,주식선택권행사로 인한 현금유입,-,제 16 기 반기,,,,13,KRW,,제 15 기 반기,22000000,,356680,엑스게이트,OFS
20250814001783,11012,2025,01372782,CF,현금흐름표,dart_RepaymentsOfLongTermBorrowings,유동성장기차입금의 상환,-,제 16 기 반기,85680000,,,14,KRW,,제 15 기 반기,85680000,,356680,엑스게이트,OFS
20250814001783,11012,2025,01372782,CF,현금흐름표,ifrs-full_CashFlowsFromUsedInInvestingActivities,투자활동현금흐름,-,제 16 기 반기,-5249342398,,,15,KRW,,제 15 기 반기,-1657008614,,356680,엑스게이트,OFS
20250814001783,11012,2025,01372782,CF,현금흐름표,dart_DecreaseInGuaranteeDeposits,임차보증금의 감소,-,제 16 기 반기,24315000,,,16,KRW,,제 15 기 반기,,,356680,엑스게이트,OFS
20250814001783,11012,2025,01372782,CF,현금흐름표,dart_IncreaseInGuaranteeDeposits,임차보증금의 증가,-,제 16 기 반기,450000000,,,17,KRW,,제 15 기 반기,350000000,,356680,엑스게이트,OFS
20250814001783,11012,2025,01372782,CF,현금흐름표,dart_ProceedsFromSalesOfOtherCurrentFinancialAssets,기타유동채권의 감소,-,제 16 기 반기,30000000,,,18,KRW,,제 15 기 반기,,,356680,엑스게이트,OFS
20250814001783,11012,2025,01372782,CF,현금흐름표,dart_ProceedsFromSalesOfOtherNonCurrentFinancialAssets,기타비유동채권의 감소,-,제 16 기 반기,2599998,,,19,KRW,,제 15 기 반기,866666,,356680,엑스게이트,OFS
20250814001783,11012,2025,01372782,CF,현금흐름표,dart_PurchaseOfOtherNonCurrentFinancialAssets,기타비유동채권의 증가,-,제 16 기 반기,,,,20,KRW,,제 15 기 반기,6000000,,356680,엑스게이트,OFS
20250814001783,11012,2025,01372782,CF,현금흐름표,dart_PurchaseOfOtherPropertyPlantAndEquipment,기타유동채무의 지급,-,제 16 기 반기,2748761290,,,21,KRW,,제 15 기 반기,576179833,,356680,엑스게이트,OFS
20250814001783,11012,2025,01372782,CF,현금흐름표,-표준계정코드 미사용-,기타보증금의 증가,-,제 16 기 반기,1000000000,,,22,KRW,,제 15 기 반기,,,356680,엑스게이트,OFS
20250814001783,11012,2025,01372782,CF,현금흐름표,ifrs-full_PurchaseOfIntangibleAssetsClassifiedAsInvestingActivities,무형자산의 취득,-,제 16 기 반기,70800000,,,23,KRW,,제 15 기 반기,,,356680,엑스게이트,OFS
20250814001783,11012,2025,01372782,CF,현금흐름표,ifrs-full_PurchaseOfPropertyPlantAndEquipmentClassifiedAsInvestingActivities,유형자산의 취득,-,제 16 기 반기,1036696106,,,24,KRW,,제 15 기 반기,725695447,,356680,엑스게이트,OFS
20250814001783,11012,2025,01372782,CF,현금흐름표,ifrs-full_CashFlowsFromUsedInOperatingActivities,영업활동현금흐름,-,제 16 기 반기,2229668834,,,25,KRW,,제 15 기 반기,5365895280,,356680,엑스게이트,OFS
20250814001783,11012,2025,01372782,CF,현금흐름표,dart_AdjustmentsForAssetsLiabilitiesOfOperatingActivities,영업활동으로 인한 자산 부채의 변동,-,제 16 기 반기,2800175906,,,26,KRW,,제 15 기 반기,5685000794,,356680,엑스게이트,OFS
20250814001783,11012,2025,01372782,CF,현금흐름표,dart_AdjustmentsForDecreaseIncreaseInFinanceLeaseReceivable,금융리스채권의 감소(증가),-,제 16 기 반기,17426837,,,27,KRW,,제 15 기 반기,21367295,,356680,엑스게이트,OFS
20250814001783,11012,2025,01372782,CF,현금흐름표,dart_AdjustmentsForDecreaseincreaseInTradeAndOtherCurrentReceivables,매출채권의 감소(증가),-,제 16 기 반기,8156711879,,,28,KRW,,제 15 기 반기,7838550354,,356680,엑스게이트,OFS
20250814001783,11012,2025,01372782,CF,현금흐름표,dart_AdjustmentsForIncreaseDecreaseInOtherNonCurrentLiabilities,기타비유동부채의 증가(감소),-,제 16 기 반기,183565266,,,29,KRW,,제 15 기 반기,421330592,,356680,엑스게이트,OFS
20250814001783,11012,2025,01372782,CF,현금흐름표,ifrs-full_AdjustmentsForDecreaseIncreaseInInventories,재고자산의 감소(증가),-,제 16 기 반기,-3896483086,,,30,KRW,,제 15 기 반기,81200602,,356680,엑스게이트,OFS
20250814001783,11012,2025,01372782,CF,현금흐름표,ifrs-full_AdjustmentsForDecreaseIncreaseInOtherCurrentAssets,기타유동자산의 감소(증가),-,제 16 기 반기,-167800410,,,31,KRW,,제 15 기 반기,325932268,,356680,엑스게이트,OFS
20250814001783,11012,2025,01372782,CF,현금흐름표,ifrs-full_AdjustmentsForDecreaseIncreaseInTradeAndOtherReceivables,기타채권의 감소(증가),-,제 16 기 반기,-27815750,,,32,KRW,,제 15 기 반기,8408906,,356680,엑스게이트,OFS
20250814001783,11012,2025,01372782,CF,현금흐름표,ifrs-full_AdjustmentsForIncreaseDecreaseInOtherCurrentLiabilities,기타유동부채의 증가(감소),-,제 16 기 반기,-567698840,,,33,KRW,,제 15 기 반기,-1141589607,,356680,엑스게이트,OFS
20250814001783,11012,2025,01372782,CF,현금흐름표,ifrs-full_AdjustmentsForIncreaseDecreaseInTradeAccountPayable,매입채무의 증가(감소),-,제 16 기 반기,624745000,,,34,KRW,,제 15 기 반기,-977958300,,356680,엑스게이트,OFS
20250814001783,11012,2025,01372782,CF,현금흐름표,ifrs-full_AdjustmentsForIncreaseDecreaseInTradeAndOtherPayables,기타채무의 증가(감소),-,제 16 기 반기,-1522474990,,,35,KRW,,제 15 기 반기,-892241316,,356680,엑스게이트,OFS
20250814001783,11012,2025,01372782,CF,현금흐름표,ifrs-full_AdjustmentsForReconcileProfitLoss,당기순이익조정을 위한 가감,-,제 16 기 반기,438115038,,,36,KRW,,제 15 기 반기,-475269435,,356680,엑스게이트,OFS
20250814001783,11012,2025,01372782,CF,현금흐름표,dart_AdjustmentsForBadDebtExpenses,대손상각비(환입),-,제 16 기 반기,70215328,,,37,KRW,,제 15 기 반기,-35841023,,356680,엑스게이트,OFS
20250814001783,11012,2025,01372782,CF,현금흐름표,dart_AdjustmentsForGainOnForeignExchangeTranslations,외화환산이익,-,제 16 기 반기,,,,38,KRW,,제 15 기 반기,29188575,,356680,엑스게이트,OFS
20250814001783,11012,2025,01372782,CF,현금흐름표,dart_AdjustmentsForInterestExpenses,이자비용,-,제 16 기 반기,194277422,,,39,KRW,,제 15 기 반기,,,356680,엑스게이트,OFS
20250814001783,11012,2025,01372782,CF,현금흐름표,dart_AdjustmentsForLossesOnDispositionOfPropertyPlantAndEquipment,유형자산처분손실,-,제 16 기 반기,,,,40,KRW,,제 15 기 반기,137000,,356680,엑스게이트,OFS
20250814001783,11012,2025,01372782,CF,현금흐름표,dart_AdjustmentsForLossesOnForeignExchangeTranslations,외화환산손실,-,제 16 기 반기,17329021,,,41,KRW,,제 15 기 반기,,,356680,엑스게이트,OFS
20250814001783,11012,2025,01372782,CF,현금흐름표,dart_AdjustmentsForProductWarrantyExpenses,품질보증충당부채 전입,-,제 16 기 반기,13051641,,,42,KRW,,제 15 기 반기,-21552839,,356680,엑스게이트,OFS
20250814001783,11012,2025,01372782,CF,현금흐름표,dart_AdjustmentsForWritedownsOfInventories,재고자산평가손실(환입),-,제 16 기 반기,126031213,,,43,KRW,,제 15 기 반기,-435888888,,356680,엑스게이트,OFS
20250814001783,11012,2025,01372782,CF,현금흐름표,ifrs-full_AdjustmentsForAmortisationExpense,무형자산상각비,-,제 16 기 반기,79806011,,,44,KRW,,제 15 기 반기,55006924,,356680,엑스게이트,OFS
20250814001783,11012,2025,01372782,CF,현금흐름표,ifrs-full_AdjustmentsForDepreciationExpense,감가상각비,-,제 16 기 반기,504596215,,,45,KRW,,제 15 기 반기,374026235,,356680,엑스게이트,OFS
20250814001783,11012,2025,01372782,CF,현금흐름표,ifrs-full_AdjustmentsForIncomeTaxExpense,법인세비용(수익),-,제 16 기 반기,-363450555,,,46,KRW,,제 15 기 반기,-122791812,,356680,엑스게이트,OFS
20250814001783,11012,2025,01372782,CF,현금흐름표,ifrs-full_AdjustmentsForInterestIncome,이자수익,-,제 16 기 반기,203741258,,,47,KRW,,제 15 기 반기,259176457,,356680,엑스게이트,OFS
20250814001783,11012,2025,01372782,CF,현금흐름표,ifrs-full_IncomeTaxesPaidRefundClassifiedAsOperatingActivities,법인세납부,-,제 16 기 반기,143709937,,,48,KRW,,제 15 기 반기,125819835,,356680,엑스게이트,OFS
20250814001783,11012,2025,01372782,CF,현금흐름표,ifrs-full_InterestPaidClassifiedAsOperatingActivities,이자의 지급,-,제 16 기 반기,195406514,,,49,KRW,,제 15 기 반기,20957431,,356680,엑스게이트,OFS
20250814001783,11012,2025,01372782,CF,현금흐름표,ifrs-full_InterestReceivedClassifiedAsOperatingActivities,이자의 수취,-,제 16 기 반기,240719537,,,50,KRW,,제 15 기 반기,239854954,,356680,엑스게이트,OFS
20250814001783,11012,2025,01372782,CF,현금흐름표,ifrs-full_ProfitLoss,당기순이익(손실),-,제 16 기 반기,16314691,,,51,KRW,,제 15 기 반기,-126088220,,356680,엑스게이트,OFS
20250814001783,11012,2025,01372782,CF,현금흐름표,ifrs-full_EffectOfExchangeRateChangesOnCashAndCashEquivalents,현금및현금성자산에 대한 환율변동효과,-,제 16 기 반기,-12530796,,,52,KRW,,제 15 기 반기,28070855,,356680,엑스게이트,OFS
20250814001783,11012,2025,01372782,CF,현금흐름표,ifrs-full_IncreaseDecreaseInCashAndCashEquivalentsBeforeEffectOfExchangeRateChanges,환율변동효과전현금및현금성자산의 증가(감소),-,제 16 기 반기,-3150727767,,,53,KRW,,제 15 기 반기,3533372466,,356680,엑스게이트,OFS
20250814001783,11012,2025,01372782,SCE,자본변동표,dart_EquityAtBeginningOfPeriod,기초자본,자본 [구성요소]|기타자본구성요소 [구성요소],제 16 기 반기,865452171,,,3,KRW,,제 15 기 반기,884920207,,356680,엑스게이트,OFS
20250814001783,11012,2025,01372782,SCE,자본변동표,dart_EquityAtBeginningOfPeriod,기초자본,별도재무제표 [member],제 16 기 반기,44405475994,,,3,KRW,,제 15 기 반기,40385096419,,356680,엑스게이트,OFS
20250814001783,11012,2025,01372782,SCE,자본변동표,dart_EquityAtBeginningOfPeriod,기초자본,자본 [구성요소]|이익잉여금 [구성요소],제 16 기 반기,19152810854,,,3,KRW,,제 15 기 반기,15153928279,,356680,엑스게이트,OFS
20250814001783,11012,2025,01372782,SCE,자본변동표,dart_EquityAtBeginningOfPeriod,기초자본,자본 [구성요소]|자본잉여금 [구성요소],제 16 기 반기,21532863769,,,3,KRW,,제 15 기 반기,21496898733,,356680,엑스게이트,OFS
20250814001783,11012,2025,01372782,SCE,자본변동표,dart_EquityAtBeginningOfPeriod,기초자본,자본 [구성요소]|자본금 [구성요소],제 16 기 반기,2854349200,,,3,KRW,,제 15 기 반기,2849349200,,356680,엑스게이트,OFS
20250814001783,11012,2025,01372782,SCE,자본변동표,-표준계정코드 미사용-,주식매수선택권 행사,별도재무제표 [member],제 16 기 반기,,,,4,KRW,,제 15 기 반기,21497000,,356680,엑스게이트,OFS
20250814001783,11012,2025,01372782,SCE,자본변동표,-표준계정코드 미사용-,주식매수선택권 행사,자본 [구성요소]|기타자본구성요소 [구성요소],제 16 기 반기,,,,4,KRW,,제 15 기 반기,-19468036,,356680,엑스게이트,OFS
20250814001783,11012,2025,01372782,SCE,자본변동표,-표준계정코드 미사용-,주식매수선택권 행사,자본 [구성요소]|자본금 [구성요소],제 16 기 반기,,,,4,KRW,,제 15 기 반기,5000000,,356680,엑스게이트,OFS
20250814001783,11012,2025,01372782,SCE,자본변동표,-표준계정코드 미사용-,주식매수선택권 행사,자본 [구성요소]|자본잉여금 [구성요소],제 16 기 반기,,,,4,KRW,,제 15 기 반기,35965036,,356680,엑스게이트,OFS
20250814001783,11012,2025,01372782,SCE,자본변동표,ifrs-full_Equity,자본총계,별도재무제표 [member],제 16 기 반기,43495250798,,44405475994,5,KRW,,제 15 기 반기,40469679652,,356680,엑스게이트,OFS
20250814001783,11012,2025,01372782,SCE,자본변동표,ifrs-full_Equity,자본총계,자본 [구성요소]|기타자본구성요소 [구성요소],제 16 기 반기,865452171,,,5,KRW,,제 15 기 반기,865452171,,356680,엑스게이트,OFS
20250814001783,11012,2025,01372782,SCE,자본변동표,ifrs-full_Equity,자본총계,자본 [구성요소]|자본잉여금 [구성요소],제 16 기 반기,21532863769,,,5,KRW,,제 15 기 반기,21532863769,,356680,엑스게이트,OFS
20250814001783,11012,2025,01372782,SCE,자본변동표,ifrs-full_Equity,자본총계,자본 [구성요소]|이익잉여금 [구성요소],제 16 기 반기,18242585658,,,5,KRW,,제 15 기 반기,15217014512,,356680,엑스게이트,OFS
20250814001783,11012,2025,01372782,SCE,자본변동표,ifrs-full_Equity,자본총계,자본 [구성요소]|자본금 [구성요소],제 16 기 반기,2854349200,,,5,KRW,,제 15 기 반기,2854349200,,356680,엑스게이트,OFS
20250814001783,11012,2025,01372782,SCE,자본변동표,ifrs-full_ProfitLoss,당기순이익(손실),별도재무제표 [member],제 16 기 반기,16314691,,,6,KRW,,제 15 기 반기,-126088220,,356680,엑스게이트,OFS
20250814001783,11012,2025,01372782,SCE,자본변동표,ifrs-full_ProfitLoss,당기순이익(손실),자본 [구성요소]|이익잉여금 [구성요소],제 16 기 반기,-910225196,,,6,KRW,,제 15 기 반기,63086233,,356680,엑스게이트,OFS
